사용월,호선명,역ID,지하철역,유임승차,유임하차,무임승차,무임하차
May-19,1호선,150,서울역,"1,568,570","1,489,737","247,801","242,107"
May-19,1호선,151,시청,"709,821","727,110","112,279","112,016"
May-19,1호선,152,종각,"1,204,910","1,151,371","176,083","164,915"
May-19,1호선,153,종로3가,"699,000","647,664","408,682","382,809"
May-19,1호선,154,종로5가,"561,662","578,374","307,515","295,535"
May-19,1호선,155,동대문,"338,565","385,522","151,904","158,360"
May-19,1호선,156,신설동,"386,676","376,451","131,597","126,524"
May-19,1호선,157,제기동,"297,370","286,647","353,695","375,436"
May-19,1호선,158,청량리(서울시립대입구),"480,600","499,265","336,216","341,637"
May-19,1호선,159,동묘앞,"204,325","225,362","171,004","173,844"
May-19,2호선,201,시청,"742,471","719,019","65,213","60,288"
May-19,2호선,202,을지로입구,"1,458,984","1,462,646","122,625","113,191"
May-19,2호선,203,을지로3가,"631,678","629,124","96,041","94,877"
May-19,2호선,204,을지로4가,"289,575","295,316","97,370","92,916"
May-19,2호선,205,동대문역사문화공원,"565,829","659,176","66,155","70,818"
May-19,2호선,206,신당,"373,697","387,807","110,881","113,045"
May-19,2호선,207,상왕십리,"392,943","366,902","74,458","74,948"
May-19,2호선,208,왕십리(성동구청),"598,446","477,936","64,527","54,497"
May-19,2호선,209,한양대,"399,102","464,782","17,421","18,934"
May-19,2호선,210,뚝섬,"558,111","595,170","68,993","69,296"
May-19,2호선,211,성수,"797,223","878,780","114,884","116,456"
May-19,2호선,212,건대입구,"1,378,810","1,494,957","105,074","109,681"
May-19,2호선,213,구의(광진구청),"662,806","629,776","116,901","117,767"
May-19,2호선,214,강변(동서울터미널),"1,310,416","1,289,645","160,160","155,742"
May-19,2호선,215,잠실나루,"435,371","420,614","98,291","98,961"
May-19,2호선,216,잠실(송파구청),"2,539,574","2,462,479","233,044","219,947"
May-19,2호선,217,잠실새내,"693,826","697,802","122,023","121,641"
May-19,2호선,218,종합운동장,"455,844","527,807","67,352","71,812"
May-19,2호선,219,삼성(무역센터),"1,781,824","1,842,623","134,802","127,716"
May-19,2호선,220,선릉,"1,460,528","1,300,444","234,778","207,100"
May-19,2호선,221,역삼,"1,269,095","1,438,098","174,383","177,850"
May-19,2호선,222,강남,"2,894,341","2,974,378","192,979","172,755"
May-19,2호선,223,교대(법원.검찰청),"970,396","1,101,853","178,269","199,422"
May-19,2호선,224,서초,"628,816","621,293","96,652","96,486"
May-19,2호선,225,방배,"578,480","598,972","88,906","88,095"
May-19,2호선,226,사당,"1,171,893","1,316,118","229,867","219,309"
May-19,2호선,227,낙성대,"850,997","815,655","124,433","126,274"
May-19,2호선,228,서울대입구(관악구청),"1,509,438","1,455,697","222,610","213,945"
May-19,2호선,229,봉천,"631,091","567,922","166,938","167,409"
May-19,2호선,230,신림,"1,996,054","1,926,203","266,618","270,264"
May-19,2호선,231,신대방,"788,516","746,038","146,907","148,117"
May-19,2호선,232,구로디지털단지,"1,810,723","1,808,076","194,678","197,938"
May-19,2호선,233,대림(구로구청),"820,090","839,909","130,273","134,965"
May-19,2호선,234,신도림,"1,646,558","1,650,521","234,895","223,466"
May-19,2호선,235,문래,"536,528","545,634","92,490","91,266"
May-19,2호선,236,영등포구청,"587,695","598,922","111,145","109,291"
May-19,2호선,237,당산,"654,811","718,352","77,698","83,271"
May-19,2호선,238,합정,"996,456","1,073,567","80,127","80,955"
May-19,2호선,239,홍대입구,"2,477,631","2,672,677","122,634","119,350"
May-19,2호선,240,신촌,"1,391,356","1,428,011","152,993","150,842"
May-19,2호선,241,이대,"618,999","661,258","70,155","71,058"
May-19,2호선,242,아현,"288,483","275,061","72,327","71,743"
May-19,2호선,243,충정로(경기대입구),"291,912","314,257","55,217","55,473"
May-19,2호선,244,용답,"73,171","76,253","18,872","18,272"
May-19,2호선,245,신답,"40,637","44,562","11,312","12,157"
May-19,2호선,246,신설동,"100,297","91,715","39,442","40,385"
May-19,2호선,247,도림천,"29,126","31,674","7,857","8,530"
May-19,2호선,248,양천구청,"185,230","193,394","52,893","53,877"
May-19,2호선,249,신정네거리,"254,805","262,405","75,713","77,460"
May-19,2호선,250,용두(동대문구청),"50,465","51,334","25,056","26,346"
May-19,3호선,309,지축,"30,033","31,107","12,371","15,088"
May-19,3호선,310,구파발,"593,088","557,869","129,985","123,044"
May-19,3호선,311,연신내,"1,062,242","995,545","302,867","293,167"
May-19,3호선,312,불광,"452,891","496,753","163,089","180,621"
May-19,3호선,313,녹번,"386,979","328,394","78,045","75,924"
May-19,3호선,314,홍제,"484,405","452,353","164,105","162,338"
May-19,3호선,315,무악재,"97,436","101,087","34,398","36,573"
May-19,3호선,316,독립문,"206,187","217,642","88,515","89,213"
May-19,3호선,317,경복궁(정부서울청사),"769,074","790,943","111,416","102,405"
May-19,3호선,318,안국,"710,948","746,832","109,043","114,580"
May-19,3호선,319,종로3가,"281,116","370,681","69,238","77,927"
May-19,3호선,320,을지로3가,"285,035","306,315","62,612","61,375"
May-19,3호선,321,충무로,57,0,3,0
May-19,3호선,322,동대입구,"367,685","425,151","44,865","48,952"
May-19,3호선,323,약수,"369,593","356,702","94,726","91,418"
May-19,3호선,324,금호,"220,292","198,129","62,013","60,599"
May-19,3호선,325,옥수,"257,954","266,589","66,681","66,832"
May-19,3호선,326,압구정,"874,090","960,936","164,464","163,817"
May-19,3호선,327,신사,"966,397","1,049,134","80,613","77,879"
May-19,3호선,328,잠원,"171,490","162,814","42,735","41,463"
May-19,3호선,329,고속터미널,"1,776,023","1,683,057","210,770","201,605"
May-19,3호선,330,교대(법원.검찰청),"395,769","265,596","77,224","47,458"
May-19,3호선,331,남부터미널(예술의전당),"955,011","979,026","139,646","140,000"
May-19,3호선,332,양재(서초구청),"1,101,532","1,200,669","182,992","185,709"
May-19,3호선,333,매봉,"297,741","285,464","64,143","58,127"
May-19,3호선,334,도곡,"157,476","160,598","29,341","26,612"
May-19,3호선,335,대치,"333,902","322,466","68,064","65,351"
May-19,3호선,336,학여울,"76,749","77,312","16,236","15,915"
May-19,3호선,337,대청,"269,481","239,731","60,677","58,025"
May-19,3호선,338,일원,"249,691","250,730","69,728","71,093"
May-19,3호선,339,수서,"475,391","469,839","116,791","113,359"
May-19,3호선,340,가락시장,"234,516","227,549","82,347","80,234"
May-19,3호선,341,경찰병원,"196,543","194,158","46,162","47,134"
May-19,3호선,342,오금,"183,267","161,705","32,149","30,231"
May-19,4호선,409,당고개,"330,581","303,135","106,582","105,030"
May-19,4호선,410,상계,"557,459","490,287","130,257","127,896"
May-19,4호선,411,노원,"622,264","714,680","103,790","101,888"
May-19,4호선,412,창동,"732,888","784,761","220,784","227,189"
May-19,4호선,413,쌍문,"877,326","768,980","187,087","182,508"
May-19,4호선,414,수유(강북구청),"1,015,680","1,001,460","229,974","229,697"
May-19,4호선,415,미아(서울사이버대학),"434,175","401,448","134,693","133,140"
May-19,4호선,416,미아사거리,"788,747","757,392","205,293","202,321"
May-19,4호선,417,길음,"657,442","635,326","136,751","136,965"
May-19,4호선,418,성신여대입구(돈암),"727,724","681,334","102,518","101,139"
May-19,4호선,419,한성대입구(삼선교),"490,608","466,267","88,439","87,952"
May-19,4호선,420,혜화,"1,224,744","1,266,988","147,378","146,826"
May-19,4호선,421,동대문,"650,086","655,128","180,880","166,248"
May-19,4호선,422,동대문역사문화공원,"681,185","614,649","69,101","62,653"
May-19,4호선,423,충무로,"897,457","911,470","136,111","137,484"
May-19,4호선,424,명동,"1,141,339","1,230,794","79,951","82,312"
May-19,4호선,425,회현(남대문시장),"766,213","829,866","247,657","248,580"
May-19,4호선,426,서울역,"381,769","679,345","45,834","60,659"
May-19,4호선,427,숙대입구(갈월),"492,334","479,143","62,064","57,669"
May-19,4호선,428,삼각지,"125,843","151,552","28,741","30,764"
May-19,4호선,429,신용산,"468,298","488,989","56,697","56,692"
May-19,4호선,430,이촌(국립중앙박물관),"260,269","292,124","57,217","61,015"
May-19,4호선,431,동작(현충원),"75,509","81,501","25,184","25,285"
May-19,4호선,432,총신대입구(이수),"527,049","587,704","166,187","172,893"
May-19,4호선,433,사당,"857,721","738,981","104,554","106,738"
May-19,4호선,434,남태령,"43,752","30,614","10,083","9,148"
May-19,경부선,1001,서울역,"219,143","46,557","14,715","2,647"
May-19,경부선,1002,남영,"320,700","345,773","41,442","43,788"
May-19,경부선,1003,용산,"1,221,877","1,257,447","147,723","148,189"
May-19,경부선,1004,노량진,"356,067","331,124","45,325","40,721"
May-19,경부선,1005,대방,"399,484","403,233","78,126","78,476"
May-19,경부선,1006,영등포,"1,267,511","1,337,165","307,864","307,842"
May-19,경부선,1007,신도림,"108,626","108,210","26,648","29,872"
May-19,경부선,1032,신길,"274,779","222,463","52,270","48,140"
May-19,경부선,1701,구로,"562,382","589,737","105,591","102,342"
May-19,경부선,1702,가산디지털단지,"483,887","572,077","36,391","39,946"
May-19,경부선,1703,금천구청,"324,555","313,285","89,413","90,057"
May-19,경부선,1704,석수,"336,904","294,400","54,820","52,020"
May-19,경부선,1705,관악,"223,373","212,191","63,172","62,049"
May-19,경부선,1706,안양,"818,278","802,911","129,062","131,705"
May-19,경부선,1707,명학,"286,534","286,477","48,560","48,637"
May-19,경부선,1708,금정,"762,808","771,671","120,633","122,275"
May-19,경부선,1709,군포,"204,682","197,822","38,499","36,903"
May-19,경부선,1710,의왕,"263,296","255,805","45,394","44,912"
May-19,경부선,1711,성균관대,"494,167","478,502","58,310","58,862"
May-19,경부선,1712,화서,"235,215","230,021","50,066","50,240"
May-19,경부선,1713,수원,"1,432,034","1,515,339","167,727","177,313"
May-19,경부선,1714,독산,"451,400","472,322","70,925","74,149"
May-19,경부선,1715,세류,"110,998","103,761","20,339","20,214"
May-19,경부선,1716,병점,"512,643","510,175","70,030","69,533"
May-19,경부선,1717,세마,"86,978","77,676","17,776","16,560"
May-19,경부선,1718,오산대,"109,128","107,643","19,140","18,486"
May-19,경부선,1719,오산,"317,082","301,577","49,315","49,885"
May-19,경부선,1720,진위,"49,138","42,323","9,191","8,817"
May-19,경부선,1721,송탄,"143,483","139,453","27,317","26,679"
May-19,경부선,1722,서정리,"160,425","156,910","28,344","27,859"
May-19,경부선,1723,지제,"81,186","75,596","9,053","9,035"
May-19,경부선,1724,평택,"419,282","415,169","75,273","73,335"
May-19,경부선,1725,성환,"163,892","157,014","23,828","23,552"
May-19,경부선,1726,직산,"24,259","26,039","6,658","6,383"
May-19,경부선,1727,두정,"200,592","218,955","25,112","25,771"
May-19,경부선,1728,천안,"215,875","187,891","62,677","61,442"
May-19,경부선,1729,당정,"216,028","207,162","33,560","32,683"
May-19,경부선,1749,서동탄,"49,528","42,492","11,144","10,289"
May-19,경부선,1750,광명,"92,526","71,819","8,230","6,708"
May-19,경인선,1801,개봉,"623,904","607,447","176,017","183,270"
May-19,경인선,1802,오류동,"310,893","280,618","105,691","102,458"
May-19,경인선,1803,역곡,"884,460","851,517","167,202","169,497"
May-19,경인선,1804,부천,"1,074,037","1,085,472","234,614","238,785"
May-19,경인선,1805,송내,"928,599","917,818","136,512","134,256"
May-19,경인선,1806,부평,"1,063,996","1,168,961","162,125","167,872"
May-19,경인선,1807,백운,"216,905","208,425","72,609","74,243"
May-19,경인선,1808,동암,"480,881","477,292","112,934","113,857"
May-19,경인선,1809,주안,"692,671","636,265","109,909","99,102"
May-19,경인선,1810,제물포,"322,581","298,780","69,187","68,937"
May-19,경인선,1811,동인천,"428,560","406,564","149,197","144,148"
May-19,경인선,1812,인천,"117,700","91,630","53,081","49,542"
May-19,경인선,1813,구일,"228,865","232,577","43,838","43,485"
May-19,경인선,1814,소사,"300,642","283,180","79,484","78,080"
May-19,경인선,1815,부개,"245,577","224,898","73,808","72,375"
May-19,경인선,1816,간석,"168,136","158,035","50,844","49,250"
May-19,경인선,1817,도원,"95,282","97,550","43,432","45,197"
May-19,경인선,1821,온수(성공회대입구),"205,322","199,707","55,151","53,852"
May-19,경인선,1822,중동,"251,118","229,771","76,438","75,523"
May-19,경인선,1823,도화,"97,300","85,069","42,576","41,756"
May-19,경원선,1008,이촌(국립중앙박물관),"118,543","83,721","32,349","26,739"
May-19,경원선,1009,서빙고,"51,369","49,859","18,175","17,654"
May-19,경원선,1010,한남,"109,747","106,831","36,759","34,264"
May-19,경원선,1011,옥수,"1,545","1,129",123,96
May-19,경원선,1012,응봉,"45,303","38,306","19,540","18,384"
May-19,경원선,1013,왕십리(성동구청),"487,052","529,138","68,089","73,542"
May-19,경원선,1014,청량리(서울시립대입구),"405,908","431,234","169,144","176,338"
May-19,경원선,1016,외대앞,"314,598","301,094","52,169","51,004"
May-19,경원선,1017,신이문,"233,188","202,214","74,168","72,802"
May-19,경원선,1018,석계,"256,148","282,672","72,240","76,744"
May-19,경원선,1019,광운대,"279,900","268,802","59,697","59,357"
May-19,경원선,1020,월계,"181,501","163,181","66,339","63,385"
May-19,경원선,1021,녹천,"121,685","96,054","44,870","40,998"
May-19,경원선,1022,창동,23,0,0,0
May-19,경원선,1901,방학,"220,783","208,511","119,761","118,180"
May-19,경원선,1902,도봉,"133,047","120,621","77,922","77,381"
May-19,경원선,1903,도봉산,"175,673","103,432","117,554","94,781"
May-19,경원선,1904,망월사,"241,584","239,324","80,500","82,520"
May-19,경원선,1905,회룡,"278,220","263,961","163,176","163,226"
May-19,경원선,1906,의정부,"580,433","616,033","136,743","138,989"
May-19,경원선,1907,가능,"172,827","160,195","67,416","65,779"
May-19,경원선,1908,녹양,"131,050","119,687","40,263","37,971"
May-19,경원선,1909,양주,"245,413","216,727","67,775","65,313"
May-19,경원선,1910,덕계,"59,021","49,604","21,192","19,852"
May-19,경원선,1911,덕정,"200,082","192,565","40,027","40,900"
May-19,경원선,1912,지행,"199,955","198,678","51,755","51,223"
May-19,경원선,1913,동두천중앙,"81,723","76,961","46,651","47,260"
May-19,경원선,1914,보산,"45,714","42,626","15,739","14,950"
May-19,경원선,1915,동두천,"56,017","64,597","22,655","34,610"
May-19,경원선,1916,소요산,"57,811","44,950","93,043","78,526"
May-19,안산선,1751,산본,"490,420","529,489","120,411","121,661"
May-19,안산선,1752,대야미,"125,213","109,014","32,089","30,258"
May-19,안산선,1753,반월,"127,897","117,525","33,546","32,651"
May-19,안산선,1754,상록수,"609,005","590,819","96,069","97,195"
May-19,안산선,1755,한대앞,"268,891","261,920","43,439","43,520"
May-19,안산선,1756,중앙,"547,738","586,069","64,688","63,373"
May-19,안산선,1757,고잔,"259,832","253,474","39,236","37,796"
May-19,안산선,1758,초지,"122,395","130,640","14,808","15,299"
May-19,안산선,1759,안산,"451,266","408,879","43,946","40,980"
May-19,안산선,1760,신길온천,"49,893","44,637","10,716","10,183"
May-19,안산선,1761,정왕,"291,206","300,266","27,420","28,915"
May-19,안산선,1762,오이도,"314,337","303,266","49,651","49,040"
May-19,안산선,1763,수리산,"118,156","93,965","42,388","41,144"
May-19,과천선,1450,선바위,"271,648","217,908","38,026","35,971"
May-19,과천선,1451,경마공원,"150,671","155,843","68,797","68,954"
May-19,과천선,1452,대공원,"199,166","203,367","63,949","66,026"
May-19,과천선,1453,과천,"139,546","121,092","39,605","38,148"
May-19,과천선,1454,정부과천청사,"315,447","309,425","71,718","68,519"
May-19,과천선,1455,인덕원,"734,636","727,120","119,470","122,382"
May-19,과천선,1456,평촌,"496,178","487,822","73,396","73,544"
May-19,과천선,1457,범계,"853,455","841,626","123,690","120,142"
May-19,분당선,1023,선릉,"295,844","506,514","38,197","55,753"
May-19,분당선,1024,한티,"393,409","414,152","76,730","78,262"
May-19,분당선,1025,도곡,"172,432","171,018","48,516","46,750"
May-19,분당선,1026,구룡,"48,140","45,260","15,979","15,822"
May-19,분당선,1027,개포동,"85,515","87,374","24,460","25,243"
May-19,분당선,1028,대모산입구,"77,017","68,081","32,179","31,947"
May-19,분당선,1030,수서,"396,487","399,350","73,032","74,952"
May-19,분당선,1031,복정,24,0,0,0
May-19,분당선,1846,수원,"284,278","192,542","31,119","18,660"
May-19,분당선,1847,서울숲,"277,538","281,075","30,246","29,470"
May-19,분당선,1848,압구정로데오,"472,969","544,964","45,801","44,029"
May-19,분당선,1849,강남구청,"247,077","289,343","44,171","48,039"
May-19,분당선,1850,선정릉,"196,971","217,889","39,743","39,709"
May-19,분당선,1851,가천대,"339,947","371,689","30,657","32,844"
May-19,분당선,1852,태평,"367,127","349,968","97,153","100,006"
May-19,분당선,1853,모란,"572,224","567,299","181,427","201,194"
May-19,분당선,1854,야탑,"760,490","810,263","186,288","186,530"
May-19,분당선,1855,서현,"757,747","776,520","150,561","147,855"
May-19,분당선,1856,수내,"357,666","355,467","88,158","88,173"
May-19,분당선,1857,정자,"459,393","493,056","83,631","84,651"
May-19,분당선,1858,미금,"434,135","464,262","124,474","135,535"
May-19,분당선,1859,오리,"324,835","276,928","91,861","77,934"
May-19,분당선,1860,이매,"167,531","158,035","46,853","45,118"
May-19,분당선,1861,보정,"63,780","51,272","27,394","25,765"
May-19,분당선,1862,죽전,"458,181","505,791","91,620","98,277"
May-19,분당선,1863,구성,"125,782","124,243","43,641","43,528"
May-19,분당선,1864,신갈,"120,432","115,349","37,805","37,402"
May-19,분당선,1865,기흥,"316,203","299,722","48,227","47,737"
May-19,분당선,1866,상갈,"158,421","148,046","37,883","35,333"
May-19,분당선,1867,청명,"126,299","116,032","21,264","21,258"
May-19,분당선,1868,영통,"297,691","306,842","34,689","34,898"
May-19,분당선,1869,망포,"422,934","388,901","38,336","36,751"
May-19,분당선,1870,매탄권선,"138,905","129,349","19,060","18,310"
May-19,분당선,1871,수원시청,"353,592","401,355","42,677","43,486"
May-19,분당선,1872,매교,"65,113","66,706","18,295","19,058"
May-19,일산선,1948,원흥,"235,225","212,501","50,145","47,905"
May-19,일산선,1950,삼송,"463,116","435,980","99,101","98,873"
May-19,일산선,1951,원당,"304,256","284,727","95,977","94,725"
May-19,일산선,1952,화정,"499,218","520,966","149,790","152,915"
May-19,일산선,1953,대곡,"48,154","35,763","13,761","12,481"
May-19,일산선,1954,백석,"289,425","288,447","88,619","87,222"
May-19,일산선,1955,마두,"192,921","199,424","86,513","89,160"
May-19,일산선,1956,정발산,"256,726","277,051","93,378","88,634"
May-19,일산선,1957,주엽,"219,629","223,263","108,784","114,878"
May-19,일산선,1958,대화,"420,756","323,510","109,124","97,749"
May-19,중앙선,1015,회기,"880,023","854,797","143,110","143,046"
May-19,중앙선,1201,중랑,"136,015","127,120","58,095","56,864"
May-19,중앙선,1202,상봉(시외버스터미널),"160,007","155,299","44,999","42,508"
May-19,중앙선,1203,망우,"196,710","187,851","78,837","80,031"
May-19,중앙선,1204,양원,"42,507","43,712","18,186","18,663"
May-19,중앙선,1205,구리,"380,225","393,096","98,270","98,334"
May-19,중앙선,1206,도농,"253,648","219,015","67,128","64,461"
May-19,중앙선,1207,양정,"20,659","17,304","10,325","9,174"
May-19,중앙선,1208,덕소,"156,186","154,532","56,440","55,934"
May-19,중앙선,1209,도심,"68,949","52,533","24,153","22,692"
May-19,중앙선,1210,팔당,"28,168","28,892","9,374","9,160"
May-19,중앙선,1211,운길산,"22,430","20,985","11,956","12,153"
May-19,중앙선,1212,양수,"50,069","50,256","25,479","25,667"
May-19,중앙선,1213,신원,"4,878","3,764","3,992","3,350"
May-19,중앙선,1214,국수,"18,606","17,501","10,946","11,043"
May-19,중앙선,1215,아신,"19,407","19,457","7,626","7,408"
May-19,중앙선,1216,오빈,"6,554","6,395","5,042","4,984"
May-19,중앙선,1217,양평,"79,174","81,470","40,652","41,563"
May-19,중앙선,1218,원덕,"7,611","7,348","7,848","7,751"
May-19,중앙선,1219,용문,"49,560","50,054","57,277","56,448"
May-19,중앙선,1220,지평,"1,305",928,945,972
May-19,장항선,1401,봉명,"30,249","29,598","14,718","14,162"
May-19,장항선,1402,쌍용(나사렛대),"77,981","71,553","17,938","16,962"
May-19,장항선,1403,아산,"109,243","93,737","12,901","11,808"
May-19,장항선,1405,배방,"28,753","28,057","8,684","8,781"
May-19,장항선,1407,온양온천,"101,269","102,890","65,370","66,035"
May-19,장항선,1408,신창(순천향대),"85,666","78,017","9,114","8,470"
May-19,경의선,1251,서울역,"107,892","138,433","16,881","20,647"
May-19,경의선,1252,신촌,"27,728","35,414","4,111","4,947"
May-19,경의선,1261,효창공원앞,"75,517","80,045","15,817","17,589"
May-19,경의선,1262,공덕,"102,180","85,560","14,189","13,783"
May-19,경의선,1263,서강대,"65,598","66,222","11,274","10,376"
May-19,경의선,1264,홍대입구,"64,633","77,255","6,553","7,371"
May-19,경의선,1265,가좌,"128,369","113,421","51,454","52,116"
May-19,경의선,1266,디지털미디어시티,"61,886","59,469","10,074","10,100"
May-19,경의선,1267,수색,"56,978","59,158","15,621","15,682"
May-19,경의선,1268,화전,"94,482","89,580","10,782","10,534"
May-19,경의선,1269,강매,"78,025","63,827","18,999","18,348"
May-19,경의선,1270,행신,"223,529","215,689","39,524","40,034"
May-19,경의선,1271,능곡,"94,647","84,364","35,379","35,081"
May-19,경의선,1272,곡산,"13,966","14,227","5,975","6,013"
May-19,경의선,1273,백마,"195,273","180,697","36,537","36,108"
May-19,경의선,1274,풍산,"146,051","133,066","36,383","35,615"
May-19,경의선,1275,일산,"253,554","247,291","64,498","65,337"
May-19,경의선,1276,탄현,"216,398","207,183","42,702","41,542"
May-19,경의선,1277,야당,"145,037","138,542","31,300","30,527"
May-19,경의선,1278,운정,"163,880","153,261","38,656","37,187"
May-19,경의선,1279,금릉,"131,890","132,974","28,316","27,892"
May-19,경의선,1280,금촌,"192,824","188,121","52,009","52,771"
May-19,경의선,1282,월롱,"80,635","75,564","9,091","10,084"
May-19,경의선,1283,파주,"59,105","43,582","9,960","8,236"
May-19,경의선,1284,문산,"154,028","151,117","52,021","52,102"
May-19,경의선,1291,서울역,10,0,0,0
May-19,경의선,1294,디지털미디어시티,1,0,0,0
May-19,경의선,1295,김포공항,16,0,0,0
May-19,경의선,1296,계양,6,0,1,0
May-19,경의선,1297,검암,4,0,0,0
May-19,경춘선,1311,신내,"18,762","20,661","8,706","8,671"
May-19,경춘선,1312,갈매,"70,153","59,573","19,207","17,750"
May-19,경춘선,1313,별내,"68,244","66,216","20,157","19,132"
May-19,경춘선,1314,퇴계원,"94,282","84,867","29,783","28,625"
May-19,경춘선,1315,사릉,"97,467","93,556","22,695","22,579"
May-19,경춘선,1316,금곡,"36,478","34,817","18,378","17,620"
May-19,경춘선,1317,평내호평,"155,530","155,068","47,748","45,489"
May-19,경춘선,1318,천마산,"37,148","31,977","20,197","20,300"
May-19,경춘선,1319,마석,"101,759","98,791","40,709","40,661"
May-19,경춘선,1320,대성리,"32,526","33,684","7,821","7,373"
May-19,경춘선,1321,청평,"54,257","52,591","21,368","21,175"
May-19,경춘선,1322,상천,"9,028","7,891","8,064","7,946"
May-19,경춘선,1323,가평,"61,349","63,598","18,774","18,377"
May-19,경춘선,1324,굴봉산,"4,033","3,961","3,796","3,749"
May-19,경춘선,1325,백양리,"2,616","2,488","1,946","2,030"
May-19,경춘선,1326,강촌,"20,442","17,067","6,853","6,662"
May-19,경춘선,1327,김유정,"12,440","14,756","4,938","5,119"
May-19,경춘선,1328,남춘천,"83,120","83,452","28,053","31,873"
May-19,경춘선,1329,춘천,"60,162","52,857","26,596","19,979"
May-19,수인선,1878,달월,"1,572","1,386","1,011",665
May-19,수인선,1879,월곶,"71,024","65,395","16,634","16,244"
May-19,수인선,1880,소래포구,"121,466","112,296","78,566","77,651"
May-19,수인선,1881,인천논현,"167,511","177,911","39,415","39,445"
May-19,수인선,1882,호구포,"99,025","97,941","20,417","19,751"
May-19,수인선,1883,남동인더스파크,"58,803","64,949","6,458","6,592"
May-19,수인선,1884,원인재,"121,124","124,376","33,085","33,754"
May-19,수인선,1885,연수,"141,881","141,388","32,662","32,655"
May-19,수인선,1886,송도,"73,449","68,184","26,173","26,179"
May-19,수인선,1888,인하대,"200,474","189,885","28,246","26,442"
May-19,수인선,1889,숭의,"94,258","88,052","33,885","32,436"
May-19,수인선,1890,신포,"51,573","52,920","14,642","15,064"
May-19,수인선,1891,인천,"28,646","53,410","14,582","19,576"
May-19,경강선,1501,판교,"115,341","114,761","14,743","11,776"
May-19,경강선,1502,이매,"31,497","26,345","7,620","7,192"
May-19,경강선,1503,삼동,"58,506","48,284","11,091","10,678"
May-19,경강선,1504,경기광주,"199,787","187,141","30,051","30,265"
May-19,경강선,1505,초월,"74,537","69,604","13,886","13,594"
May-19,경강선,1506,곤지암,"61,517","61,688","15,816","15,864"
May-19,경강선,1507,신둔도예촌,"39,735","34,809","7,679","7,276"
May-19,경강선,1508,이천,"75,272","79,556","14,886","15,796"
May-19,경강선,1509,부발,"55,743","51,844","7,641","7,329"
May-19,경강선,1510,세종대왕릉,"6,546","6,697","3,851","4,083"
May-19,경강선,1511,여주,"68,205","66,562","19,835","19,437"
May-19,5호선,2511,방화,"186,163","174,295","54,596","52,217"
May-19,5호선,2512,개화산,"155,529","145,851","40,397","39,201"
May-19,5호선,2513,김포공항,"228,581","193,327","33,185","32,542"
May-19,5호선,2514,송정,"232,927","219,964","70,140","71,012"
May-19,5호선,2515,마곡,"184,159","167,864","31,944","30,420"
May-19,5호선,2516,발산,"505,227","523,595","91,225","88,171"
May-19,5호선,2517,우장산,"419,214","406,388","97,432","100,928"
May-19,5호선,2518,화곡,"823,323","751,205","161,774","154,484"
May-19,5호선,2519,까치산,"809,409","755,052","173,656","174,685"
May-19,5호선,2520,신정(은행정),"370,338","253,005","58,273","52,062"
May-19,5호선,2521,목동,"509,048","569,584","96,594","101,050"
May-19,5호선,2522,오목교(목동운동장앞),"673,390","741,176","93,812","92,667"
May-19,5호선,2523,양평,"178,444","173,177","31,710","31,001"
May-19,5호선,2524,영등포구청,"92,003","94,270","22,002","21,758"
May-19,5호선,2525,영등포시장,"234,236","249,703","86,264","88,672"
May-19,5호선,2526,신길,"92,898","106,944","12,473","13,114"
May-19,5호선,2527,여의도,"689,741","754,402","55,740","54,485"
May-19,5호선,2528,여의나루,"523,371","550,523","33,846","32,578"
May-19,5호선,2529,마포,"377,683","387,012","70,717","69,609"
May-19,5호선,2530,공덕,"400,667","430,566","50,343","47,265"
May-19,5호선,2531,애오개,"188,816","187,719","44,606","42,831"
May-19,5호선,2532,충정로(경기대입구),"129,192","128,738","17,890","18,162"
May-19,5호선,2533,서대문,"508,181","520,026","78,265","75,018"
May-19,5호선,2534,광화문(세종문화회관),"1,004,496","1,054,996","107,144","104,065"
May-19,5호선,2535,종로3가,"403,545","391,918","124,345","131,929"
May-19,5호선,2536,을지로4가,"116,764","127,290","45,728","46,621"
May-19,5호선,2537,동대문역사문화공원,"76,921","92,203","9,075","10,239"
May-19,5호선,2538,청구,"106,722","99,648","30,250","23,403"
May-19,5호선,2539,신금호,"173,616","171,718","43,109","47,989"
May-19,5호선,2540,행당,"223,805","194,596","54,732","49,649"
May-19,5호선,2541,왕십리(성동구청),"132,979","159,346","28,868","28,115"
May-19,5호선,2542,마장,"156,394","151,263","48,743","47,568"
May-19,5호선,2543,답십리,"438,193","394,622","91,908","89,570"
May-19,5호선,2544,장한평,"485,367","477,564","104,289","105,352"
May-19,5호선,2545,군자(능동),"317,237","348,817","44,381","46,781"
May-19,5호선,2546,아차산(어린이대공원후문),"413,355","391,010","108,914","107,492"
May-19,5호선,2547,광나루(장신대),"400,937","358,633","78,019","73,525"
May-19,5호선,2548,천호(풍납토성),"503,552","524,201","151,635","162,987"
May-19,5호선,2549,강동,"534,982","459,174","113,710","102,956"
May-19,5호선,2550,길동,"172,750","181,105","70,158","72,051"
May-19,5호선,2551,굽은다리(강동구민회관앞),"251,525","239,625","73,179","67,333"
May-19,5호선,2552,명일,"198,182","205,465","68,607","71,528"
May-19,5호선,2553,고덕,"249,321","242,520","73,467","72,088"
May-19,5호선,2554,상일동,"346,189","284,205","76,797","72,309"
May-19,5호선,2555,둔촌동,"222,985","222,221","67,270","69,027"
May-19,5호선,2556,올림픽공원(한국체대),"142,817","130,368","39,206","36,012"
May-19,5호선,2557,방이,"187,471","191,836","51,760","51,060"
May-19,5호선,2558,오금,"99,949","98,375","20,626","20,109"
May-19,5호선,2559,개롱,"176,100","179,280","51,636","52,660"
May-19,5호선,2560,거여,"193,222","177,992","61,337","59,545"
May-19,5호선,2561,마천,"124,477","121,652","55,239","57,467"
May-19,6호선,2611,응암,"461,630","451,893","126,437","125,203"
May-19,6호선,2612,역촌,"89,900","111,603","39,872","37,893"
May-19,6호선,2613,불광,"126,744","131,978","45,887","37,382"
May-19,6호선,2614,독바위,"70,548","72,276","22,406","27,375"
May-19,6호선,2615,연신내,21,0,1,0
May-19,6호선,2616,구산,"201,897","132,304","60,344","60,689"
May-19,6호선,2617,새절(신사),"367,792","342,638","97,848","98,078"
May-19,6호선,2618,증산(명지대앞),"266,186","253,741","79,667","78,828"
May-19,6호선,2619,디지털미디어시티,"361,378","409,245","59,902","59,303"
May-19,6호선,2620,월드컵경기장(성산),"186,178","212,171","63,866","64,938"
May-19,6호선,2621,마포구청,"389,621","338,852","90,445","81,808"
May-19,6호선,2622,망원,"367,008","398,695","92,986","97,792"
May-19,6호선,2623,합정,"450,647","407,572","47,855","42,800"
May-19,6호선,2624,상수,"329,384","384,397","24,468","25,130"
May-19,6호선,2625,광흥창(서강),"243,174","232,994","63,022","61,605"
May-19,6호선,2626,대흥(서강대앞),"254,180","266,113","56,550","55,989"
May-19,6호선,2627,공덕,"504,468","496,618","79,638","75,551"
May-19,6호선,2628,효창공원앞,"197,682","183,595","45,947","42,862"
May-19,6호선,2629,삼각지,"213,036","171,976","19,271","15,642"
May-19,6호선,2630,녹사평(용산구청),"177,240","180,587","21,721","20,469"
May-19,6호선,2631,이태원,"474,838","540,541","38,285","40,174"
May-19,6호선,2632,한강진,"256,073","303,002","17,974","17,709"
May-19,6호선,2633,버티고개,"64,534","56,385","16,062","18,110"
May-19,6호선,2634,약수,"98,046","98,511","26,787","25,673"
May-19,6호선,2635,청구,"101,044","106,286","20,956","25,594"
May-19,6호선,2636,신당,"247,799","257,461","42,119","40,910"
May-19,6호선,2637,동묘앞,"236,866","251,992","77,874","71,838"
May-19,6호선,2638,창신,"103,329","85,850","20,577","19,347"
May-19,6호선,2639,보문,"217,035","195,962","36,882","34,693"
May-19,6호선,2640,안암(고대병원앞),"470,857","473,483","39,426","37,761"
May-19,6호선,2641,고려대(종암),"297,907","288,661","41,927","41,852"
May-19,6호선,2642,월곡(동덕여대),"346,172","325,138","83,031","82,237"
May-19,6호선,2643,상월곡(한국과학기술연구원),"176,088","163,751","46,905","45,744"
May-19,6호선,2644,돌곶이,"221,354","204,133","64,265","63,341"
May-19,6호선,2645,석계,"355,950","358,517","86,707","87,432"
May-19,6호선,2646,태릉입구,"170,008","218,930","41,918","46,759"
May-19,6호선,2647,화랑대(서울여대입구),"391,102","293,021","52,833","47,609"
May-19,6호선,2648,봉화산(서울의료원),"268,020","238,626","59,519","57,955"
May-19,7호선,2711,장암,"72,083","25,400","10,315","7,016"
May-19,7호선,2712,도봉산,"281,587","325,572","50,670","71,105"
May-19,7호선,2713,수락산,"353,544","339,352","100,262","100,498"
May-19,7호선,2714,마들,"314,149","284,142","87,870","87,743"
May-19,7호선,2715,노원,"559,877","614,042","131,331","131,338"
May-19,7호선,2716,중계,"424,874","384,831","106,779","104,282"
May-19,7호선,2717,하계,"532,519","499,818","121,524","115,340"
May-19,7호선,2718,공릉(서울과학기술대),"372,239","365,201","76,684","76,749"
May-19,7호선,2719,태릉입구,"297,727","282,867","58,142","55,553"
May-19,7호선,2720,먹골,"288,952","273,412","70,888","70,256"
May-19,7호선,2721,중화,"323,310","309,667","75,005","73,332"
May-19,7호선,2722,상봉(시외버스터미널),"488,176","469,088","79,570","75,259"
May-19,7호선,2723,면목,"448,180","426,805","101,854","103,820"
May-19,7호선,2724,사가정,"426,654","420,072","108,895","107,063"
May-19,7호선,2725,용마산,"169,796","155,491","39,802","43,461"
May-19,7호선,2726,중곡,"268,281","241,008","66,658","67,145"
May-19,7호선,2727,군자(능동),"392,218","291,798","88,010","75,582"
May-19,7호선,2728,어린이대공원(세종대),"561,135","579,205","52,472","52,066"
May-19,7호선,2729,건대입구,"477,778","518,904","61,428","56,737"
May-19,7호선,2730,뚝섬유원지,"376,276","373,899","50,928","50,901"
May-19,7호선,2731,청담,"547,942","630,674","80,711","77,743"
May-19,7호선,2732,강남구청,"423,053","479,654","51,713","51,718"
May-19,7호선,2733,학동,"593,593","657,284","65,654","62,860"
May-19,7호선,2734,논현,"544,672","595,615","54,723","54,627"
May-19,7호선,2735,반포,"181,060","175,274","37,889","35,711"
May-19,7호선,2736,고속터미널,"586,648","489,014","88,859","78,488"
May-19,7호선,2737,내방,"376,748","387,152","75,460","73,805"
May-19,7호선,2738,이수,"456,322","448,953","86,016","82,373"
May-19,7호선,2739,남성,"309,286","282,244","80,055","79,645"
May-19,7호선,2740,숭실대입구(살피재),"482,986","480,751","67,271","69,496"
May-19,7호선,2741,상도,"339,358","336,330","66,778","62,783"
May-19,7호선,2742,장승배기,"272,051","260,315","82,554","83,533"
May-19,7호선,2743,신대방삼거리,"449,161","421,057","102,456","103,746"
May-19,7호선,2744,보라매,"270,863","273,517","51,879","51,771"
May-19,7호선,2745,신풍,"309,353","289,675","75,055","75,236"
May-19,7호선,2746,대림(구로구청),"301,810","308,249","41,340","39,917"
May-19,7호선,2747,남구로,"446,215","474,877","65,877","66,406"
May-19,7호선,2748,가산디지털단지,"1,169,667","1,170,038","83,075","78,382"
May-19,7호선,2749,철산,"677,334","692,336","110,568","110,380"
May-19,7호선,2750,광명사거리,"689,730","663,478","167,322","170,486"
May-19,7호선,2751,천왕,"257,914","232,101","55,697","54,783"
May-19,7호선,2752,온수(성공회대입구),"321,364","310,839","42,385","41,555"
May-19,7호선,2753,까치울,"224,823","212,052","35,326","35,034"
May-19,7호선,2754,부천종합운동장,"145,397","118,712","22,123","20,937"
May-19,7호선,2755,춘의,"256,811","250,810","35,568","35,218"
May-19,7호선,2756,신중동,"418,243","415,225","63,049","60,637"
May-19,7호선,2757,부천시청,"357,245","360,113","57,217","55,241"
May-19,7호선,2758,상동,"413,121","433,583","56,874","56,984"
May-19,7호선,2759,삼산체육관,"150,870","132,552","29,808","28,688"
May-19,7호선,2760,굴포천,"260,775","273,416","38,737","39,320"
May-19,7호선,2761,부평구청,"352,609","280,530","33,831","30,180"
May-19,8호선,2811,암사,"497,231","423,684","107,123","104,512"
May-19,8호선,2812,천호(풍납토성),"490,236","581,392","99,871","93,696"
May-19,8호선,2813,강동구청,"266,051","266,520","70,254","70,546"
May-19,8호선,2814,몽촌토성(평화의문),"190,061","203,965","42,675","42,003"
May-19,8호선,2815,잠실(송파구청),"423,673","517,653","75,592","73,162"
May-19,8호선,2816,석촌,"204,430","244,371","58,128","62,894"
May-19,8호선,2817,송파,"254,567","239,009","65,515","63,798"
May-19,8호선,2818,가락시장,"185,401","217,274","61,614","63,420"
May-19,8호선,2819,문정,"527,679","550,067","59,491","59,473"
May-19,8호선,2820,장지,"532,295","506,902","83,655","79,876"
May-19,8호선,2821,복정,"331,676","274,103","54,087","49,409"
May-19,8호선,2822,산성,"159,296","150,838","37,370","40,205"
May-19,8호선,2823,남한산성입구(성남법원.검찰청),"404,695","372,086","85,414","81,404"
May-19,8호선,2824,단대오거리,"304,519","279,985","76,680","73,390"
May-19,8호선,2825,신흥,"111,642","119,551","46,299","48,225"
May-19,8호선,2826,수진,"131,898","117,937","52,941","52,112"
May-19,8호선,2827,모란,"102,674","81,046","60,329","42,698"
May-19,9호선,4101,개화,"179,618","116,284","42,642","33,522"
May-19,9호선,4102,김포공항,"283,151","352,463","23,394","25,147"
May-19,9호선,4103,공항시장,"68,744","76,571","25,513","27,597"
May-19,9호선,4104,신방화,"180,982","174,117","46,312","46,269"
May-19,9호선,4105,마곡나루,"288,096","284,881","27,130","26,774"
May-19,9호선,4106,양천향교,"234,818","236,480","47,053","45,655"
May-19,9호선,4107,가양,"533,038","513,624","135,441","131,612"
May-19,9호선,4108,증미,"169,042","169,360","45,713","45,870"
May-19,9호선,4109,등촌,"237,770","237,490","86,418","86,843"
May-19,9호선,4110,염창,"469,321","452,029","71,001","70,428"
May-19,9호선,4111,신목동,"109,154","96,107","22,565","21,065"
May-19,9호선,4112,선유도,"188,253","183,304","27,261","26,833"
May-19,9호선,4113,당산,"532,143","518,480","73,051","68,211"
May-19,9호선,4114,국회의사당,"422,692","421,469","55,720","49,345"
May-19,9호선,4115,여의도,"626,751","621,102","47,505","44,771"
May-19,9호선,4116,샛강,"127,977","131,770","28,462","28,613"
May-19,9호선,4117,노량진,"825,609","847,251","98,032","100,886"
May-19,9호선,4118,노들,"113,000","94,258","35,912","33,091"
May-19,9호선,4119,흑석(중앙대입구),"295,597","296,602","60,729","62,111"
May-19,9호선,4120,동작(현충원),"62,450","47,855","18,361","16,222"
May-19,9호선,4121,구반포,"73,211","77,922","26,119","26,658"
May-19,9호선,4122,신반포,"85,289","88,478","25,310","25,395"
May-19,9호선,4123,고속터미널,"411,722","653,517","59,610","72,655"
May-19,9호선,4124,사평,"84,353","79,890","19,045","19,037"
May-19,9호선,4125,신논현,"956,357","971,392","59,774","57,230"
May-19,공항철도 1호선,4201,서울역,"400,044","337,893","40,345","35,870"
May-19,공항철도 1호선,4202,공덕,"66,622","88,960","7,862","9,175"
May-19,공항철도 1호선,4203,홍대입구,"384,821","373,115","19,382","18,528"
May-19,공항철도 1호선,4204,디지털미디어시티,"386,609","333,571","25,615","23,799"
May-19,공항철도 1호선,4206,마곡나루,"156,745","143,038","10,652","10,887"
May-19,공항철도 1호선,4207,김포공항,"313,214","203,892","21,628","16,719"
May-19,공항철도 1호선,4208,계양,"326,842","299,469","34,633","33,203"
May-19,공항철도 1호선,4209,검암,"240,124","236,231","21,321","21,515"
May-19,공항철도 1호선,4210,청라국제도시,"195,975","186,770","12,431","12,390"
May-19,공항철도 1호선,4211,운서,"200,555","208,402","27,824","27,779"
May-19,공항철도 1호선,4212,공항화물청사,"66,233","75,625","8,711","8,706"
May-19,공항철도 1호선,4213,인천공항1터미널,"463,395","457,635","44,785","42,917"
May-19,공항철도 1호선,4215,인천공항2터미널,"154,235","132,918","17,703","15,332"
May-19,공항철도 1호선,4217,영종,"69,211","71,095","18,621","18,989"
May-19,9호선2~3단계,4126,언주,"239,146","236,941","27,257","26,900"
May-19,9호선2~3단계,4127,선정릉,"233,212","253,335","25,599","26,348"
May-19,9호선2~3단계,4128,삼성중앙,"151,609","153,935","24,673","24,499"
May-19,9호선2~3단계,4129,봉은사,"516,581","526,523","55,496","52,784"
May-19,9호선2~3단계,4130,종합운동장,"136,121","117,397","20,759","17,270"
May-19,9호선2~3단계,4131,삼전,"133,580","129,719","31,255","30,715"
May-19,9호선2~3단계,4132,석촌고분,"117,704","114,493","31,710","31,310"
May-19,9호선2~3단계,4133,석촌,"179,716","141,176","30,256","24,672"
May-19,9호선2~3단계,4134,송파나루,"94,041","96,404","23,180","23,605"
May-19,9호선2~3단계,4135,한성백제,"62,156","53,927","13,460","11,685"
May-19,9호선2~3단계,4136,올림픽공원(한국체대),"219,121","223,706","23,546","24,124"
May-19,9호선2~3단계,4137,둔촌오륜,"24,578","21,675","6,062","5,997"
May-19,9호선2~3단계,4138,중앙보훈병원,"157,908","139,342","64,843","65,287"
May-19,우이신설선,4701,북한산우이,"71,259","62,823","41,660","41,735"
May-19,우이신설선,4702,솔밭공원,"47,882","44,027","29,918","31,243"
May-19,우이신설선,4703,4.19민주묘지,"85,656","84,854","35,103","32,252"
May-19,우이신설선,4704,가오리,"83,570","76,020","48,326","49,502"
May-19,우이신설선,4705,화계,"65,657","56,584","42,866","43,383"
May-19,우이신설선,4706,삼양,"36,724","38,053","28,340","31,710"
May-19,우이신설선,4707,삼양사거리,"40,148","40,223","37,748","38,886"
May-19,우이신설선,4708,솔샘,"142,673","127,246","38,536","39,725"
May-19,우이신설선,4709,북한산보국문,"161,867","141,742","45,041","45,814"
May-19,우이신설선,4710,정릉,"97,184","84,030","48,775","45,712"
May-19,우이신설선,4711,성신여대입구(돈암),"87,982","103,574","34,415","32,373"
May-19,우이신설선,4712,보문,"35,939","36,973","17,275","17,703"
May-19,우이신설선,4713,신설동,"42,076","44,785","23,061","20,860"
